Марка;Ссылка;Город;Цена
Audi Q5 8R · Рестайлинг;https://cars.av.by/audi/q5/100554902;Минск;50089.
Audi A8 D3;https://cars.av.by/audi/a8/100559816;Минск;26674.
Audi A7 4G;https://cars.av.by/audi/a7/100539346;Минск;48840.
Audi A4 B5;https://cars.av.by/audi/a4/100532825;Солигорск;9142.
Audi A4 B6;https://cars.av.by/audi/a4/100534925;Солигорск;13024.
Audi A6 C5;https://cars.av.by/audi/a6/100426731;Минск;12773.
Audi A6 C4;https://cars.av.by/audi/a6/100485488;Орша;9142.
Audi S5 8T;https://cars.av.by/audi/s5/100558815;Минск;37569.
Audi A4 Allroad B9;https://cars.av.by/audi/a4-allroad/100557075;Минск;80899.
Audi A4 B6;https://cars.av.by/audi/a4/100545037;Заславль;14527.
Audi A7 4G;https://cars.av.by/audi/a7/100547222;Минск;40074.
Audi A6 C5;https://cars.av.by/audi/a6/100557209;Могилев;11646.
Audi Q7 4L · Рестайлинг;https://cars.av.by/audi/q7/100504326;Минск;53348.
Audi A6 C6;https://cars.av.by/audi/a6/100344805;Житковичи;23794.
Audi 100 4A, C4;https://cars.av.by/audi/100/100557792;Минск;7889.
Audi 80 B3;https://cars.av.by/audi/80/100185698;Могилев;4007.
Audi 100 С3;https://cars.av.by/audi/100/100521172;Минск;4959.
Audi A7 4G;https://cars.av.by/audi/a7/100557169;Витебск;41326.
Audi A4 B9;https://cars.av.by/audi/a4/100555689;Минск;47337.
Audi A8 D3;https://cars.av.by/audi/a8/100556844;Минск;14777.
Audi e-tron;https://cars.av.by/audi/e-tron/100551008;Минск;178954.
Audi A6 C7;https://cars.av.by/audi/a6/100495568;Минск;51344.
Audi A4 B9;https://cars.av.by/audi/a4/100555066;Минск;105193.
Audi A6 C7;https://cars.av.by/audi/a6/100530313;Минск;58482.
Audi A5 8T · Рестайлинг;https://cars.av.by/audi/a5/100555842;Минск;50092.
